{"schemaVersion":"1.0","appDefinitionTemplate":{"id":"/providers/Microsoft.PowerApps/apps/","type":"Microsoft.PowerApps/apps","tags":{"minimumRequiredApiVersion":"2.2.0"},"properties":{"appVersion":"2018-10-30T16:31:24Z","lifeCycleId":"Published","createdByClientVersion":{"major":3,"minor":18103,"build":23,"revision":0,"majorRevision":0,"minorRevision":0},"minClientVersion":{"major":3,"minor":18103,"build":23,"revision":0,"majorRevision":0,"minorRevision":0},"backgroundColor":"rgba(0, 176, 240, 1)","backgroundImageUri":"/14359608118500155622/N0c0c23b4-6651-4ba1-b1cc-46a02eefe1ec-logoSmallFile","displayName":"Pancake & Milkshake","description":"","appUris":{"documentUri":{"value":"/14359608118500155622/Nfb9180e3-15ab-4c2f-b3dc-29f647168c79-document.msapp","readonlyValue":"/14359608118500155622/Nfb9180e3-15ab-4c2f-b3dc-29f647168c79-document.msapp"},"imageUris":[]},"createdTime":"0001-01-01T00:00:00Z","lastModifiedTime":"0001-01-01T00:00:00Z","sharedGroupsCount":0,"sharedUsersCount":0,"icons":{"smallIconUri":"/14359608118500155622/Nca1abc34-6675-46a5-8283-f968320ab5da-small.png","mediumIconUri":"/14359608118500155622/N34d56f55-8e43-4087-9ce5-0dfadc38b16d-medium.png","largeIconUri":"/14359608118500155622/N581e2046-9b79-4694-a9a4-075c1dccfdb3-large.png","wideIconUri":"/14359608118500155622/N19ac38a7-1ca9-4916-95e9-15bbcd9fd199-wide.png"},"connectionReferences":{},"almMode":"Environment"}}}